country_name,year,population_total,population_growth,gni_atlas_usd,gni_per_capita_atlas_usd,life_expectancy,school_enrollment_secondary,power_consumption_per_capita,gdp_usd,gdp_growth,inflation_rate,agriculture_value_added,industry_value_added,exports_gdp_percent,imports_gdp_percent,capital_formation_gdp_percent,fdi_net_inflows_usd,gdp_growth_rate,gni_to_gdp_ratio,random_forest_pred,xgboost_pred
Afghanistan,2023,0.1319285135800399,2.13559384981397,0.0044298836445286,190.0,62.879,57.0392990112305,532.02843152625,0.0056457803940259,2.71088679128353,2.9616535410169,34.5208917527827,13.5231032701819,16.7751362822863,50.498206993764,15.2,30790960.0,0.0988409980266635,5.102189730927942e-06,0.806646175295432,2.0028136
Albania,2023,0.0087118541921875,-1.14841763771287,0.0059869426460409,190.0,76.833,96.1368789672852,2309.36650255581,0.0077180271228637,3.93662525742167,6.06604947510885,16.2225675343538,23.0184724953671,38.6650817896799,43.8286028086077,22.9107180604133,1620982550.5431,0.102956075517272,3.730040082425361e-06,4.73504241492516,3.9712136
Algeria,2023,0.1469195194285411,1.49897601193923,0.0650007796013965,190.0,77.129,102.7021484375,1353.09164785509,0.0812589690068588,4.10000000000004,0.854841037372282,13.086784145579,37.7570495314503,23.6195363708424,20.0633778247296,37.724946210066,1215776626.75897,0.091252183721748,3.41170404856617e-07,3.6210272065677316,4.853916
American Samoa,2023,0.0001222256780584,-1.71290294190977,0.0650007796013965,190.0,77.129,94.6233825683594,1353.09164785509,0.0002758850074573,1.73501577287065,14.1527648578811,13.086784145579,37.7570495314503,46.9575200918485,77.7267508610792,37.724946210066,1215776626.75897,0.0831494167038042,0.000101229454856,0.9805342556287495,0.28531724
Andorra,2023,0.0002283366530283,1.43374756867515,0.0011244905585043,190.0,77.129,99.7635498046875,1353.09164785509,0.0012322587608408,2.58355480961319,6.29560082401824,0.47849213558896,12.4282261796617,46.9575200918485,77.7267508610792,37.724946210066,1215776626.75897,0.0930975392915591,2.3282888311194952e-05,5.551624794271151,0.8913528
Angola,2023,0.1169521598634658,3.08065530722915,0.0221956896764727,190.0,61.929,52.5437698364258,309.711407655652,0.0278288076087317,1.00128936028298,17.6195377226942,14.9021524183832,45.2629187172157,40.8567793904075,26.1849092185214,23.7932500575225,-2119632185.51477,0.0675585249632885,1.0246553726797162e-06,1.4860715728224667,0.46962136
Antigua and Barbuda,2023,0.000267998952357,0.511400156215609,0.0005233434949495,1490.0,79.236,120.935958862305,309.711407655652,0.0006572721354049,3.86201218730389,4.80547577274675,1.9144412888276,19.4351587534362,54.689582143537,62.9404229329272,23.7932500575225,300597732.222222,0.0905108227724321,0.0003401317548779,6.167453527194019,5.0787787
Argentina,2023,0.1449274342887867,0.286976121920089,0.1669881674667856,650.0,76.064,115.434867858887,3049.36276253356,0.2120268043736978,-1.61100162090189,135.368876310592,5.92985376183283,25.0563816101503,12.7492457826544,13.8912663507893,19.3715390134256,23866141439.654,0.0848951394340664,4.519985343456767e-07,-1.1362434784948734,2.7978928
Armenia,2023,0.0094915016761362,0.728178919340382,0.0057551662505793,2440.0,73.372,95.1246490478516,1895.6135111819,0.0078947814411418,8.29999999959539,2.67300354889213,8.48155989918731,23.3745392421065,59.4520856749187,60.2625572889532,21.2953732476126,580365078.650983,0.1026326293343227,4.700317025391076e-05,7.3382684054483995,5.8775496
Aruba,2023,0.0003127002099392,0.0456516784920034,0.0009070325332004,1710.0,74.992,136.216690063477,1895.6135111819,0.0011874624499428,4.26371941452948,6.70946117676064,0.0275726826443453,11.3720370882194,88.3437864283018,81.4544965060421,21.4610020896194,91445330.0,0.0925115790272776,0.0002175097769495,4.673117716016917,8.154816
Australia,2023,0.0848309241724416,2.4474661688131,0.4789998242475344,170.0,83.2,133.277267456055,10071.3989785006,0.5671247160163994,3.44199220009025,6.51199894950456,2.57350206211225,27.6508823908584,26.7992411333458,22.4259429260923,23.9740168793693,32501414006.7699,0.0849787441917085,3.0712448289188835e-08,3.22505585415405,2.4188895
Austria,2023,0.0290389067418215,0.989464653969154,0.1429723457379305,1790.0,81.0926829268293,101.458000183105,8355.84195182134,0.1679210495814027,-0.954962366849259,6.64765341628686,1.29697030335468,25.2446158376037,59.4645666223774,57.3493527895016,25.4080151070422,2924935668.81844,0.0901838930730224,1.6086785031031072e-06,0.003696198434199559,1.4962761
Azerbaijan,2023,0.0322927336589148,0.120242150339289,0.0192351911456738,130.0,73.488,92.7589111328125,2202.39391828846,0.0237367521560256,1.12397432709641,-9.20663944963042,5.5408904479881,46.6317359792855,49.0453678900537,34.5739824641988,18.3043034661052,252836000.0,0.0763425689834011,8.189329853079598e-07,1.8531197098796366,-0.21649745
"Bahamas, The",2023,0.0012424437131696,0.477303918283875,0.0037748062333302,80.0,74.358,78.757926940918,2202.39391828846,0.0046958115422031,2.63905598075102,6.34442014479342,0.448443003103532,8.79101719147749,39.746138020016,42.9587474282526,20.6869616766049,322456455.071094,0.0907584733006359,2.5745887637798216e-06,3.771333638612924,3.3686504
Bahrain,2023,0.0049910052920829,3.37686417721007,0.0126869737445415,340.0,79.246,99.7823333740234,19917.6607873953,0.0151130760936379,2.9807927665851,-4.14375165818939,0.252106223987838,44.0340920568647,87.5642025322593,70.2676839414453,28.9929660747442,6839627659.57447,0.082079701631281,3.4096015566795738e-06,5.044353983679815,4.3729277
Bangladesh,2023,0.5457795523440907,1.22171475464107,0.1405341143454797,180.0,73.698,71.4947068269712,313.22142397823,0.1435462672135815,5.77511237007889,6.89712404003441,11.0036900209598,34.5942721606063,13.1571638341204,17.8258075763392,30.9512000834944,1385155351.84895,0.0790443223897134,1.7604496897156357e-07,6.109161580080053,5.3059053
Barbados,2023,0.0008696817628808,0.0063755857590991,0.0018240098644412,250.0,77.706,105.655097961426,313.22142397823,0.0021957209823497,4.09382010970572,3.18212980720116,1.85400902389638,13.2468225341842,13.1571638341204,17.8258075763392,30.9512000834944,8000000.0,0.0893077504908747,1.7249749016502956e-05,3.8795236334749417,2.0096262
Belarus,2023,0.0291870419283274,-0.540824986374776,0.0203429956671969,1810.0,73.1114634146342,93.5995101928711,3690.1036829597,0.0235730520171423,3.88624214456901,7.36823053571227,7.25038327110143,32.5397512173745,66.8190187611956,66.1797785565314,24.0905264823788,1992107728.25,0.0809878980912726,1.1675813616742358e-05,3.0628610838135364,3.5778408
Belgium,2023,0.0374923305909444,0.913715890414841,0.1830631924906162,490.0,81.6975609756098,142.918075561523,7709.12307788247,0.2116026092990441,1.25170063203595,4.508102848783,0.769082939613356,18.5320111362915,84.1639882975701,84.7636154109048,25.3297303497481,-2776119886.70005,0.0903435716693303,3.377638295716768e-07,3.45255423819832,1.1368622
Belize,2023,0.0012795785754464,2.05772774277288,0.0007932314312296,150.0,70.962,83.3849182128906,7709.12307788247,0.0009965455369781,1.14901682065862,6.50970161380764,8.1011461271337,14.2670818592367,55.292084712327,51.2396709979295,18.2747688996853,16037530.5268891,0.0895798993397297,2.268549449079561e-05,1.6072175129590653,3.0920718
Benin,2023,0.0448887796283159,2.52274772277722,0.0055672774582375,110.0,59.954,45.3651695251465,93.4723142439477,0.0064475527555092,6.35282160914288,3.38546435195668,25.4020258817765,17.301919273728,21.1934539892603,30.1570110221303,40.4710649028638,48955920.0,0.0940167260065961,2.579772615230859e-06,7.6508962520116475,7.893659
Bermuda,2023,0.0001769029907045,-0.0787967316952785,0.002385576883454,140.0,81.571,71.8350524902344,93.4723142439477,0.0026620710001194,-0.0948235929642749,4.10639245421443,0.219839601020953,5.35747408654595,52.9299777687707,24.6140240981613,11.8009752263041,21480000.0,0.0864818317014455,7.965891741213473e-06,-0.7521971233162131,-1.5652744
Bhutan,2023,0.0024741554638738,0.698146584889649,0.0007868576450521,150.0,72.229,89.9895493944796,93.4723142439477,0.0009412050515529,5.21386781145085,5.7948551929732,14.6710119418684,31.8248447349295,25.4988399719131,60.0723765778516,55.7788293059761,11916048.289237,0.0831494167038042,2.400623252066692e-05,4.831920671750967,4.8708386
Bolivia,2023,0.0389461989654412,1.37334382280772,0.0125975233701787,700.0,64.928,92.400520324707,732.793996951577,0.0148031088651681,3.08196524087036,-0.505250428968196,13.4661293122981,24.2281365743265,25.5322398174316,30.9259991457953,17.6169589648051,293692090.235586,0.0852790284711066,7.183127908729313e-06,2.97748067812924,2.8136277
Bosnia and Herzegovina,2023,0.0101095873621368,-0.617510129445164,0.0074882868268644,290.0,75.293,84.2911529541016,3366.78140802827,0.0090201627985728,2.21112447211205,6.76270435629395,4.68049236089149,23.7549720693083,44.055617147886,55.8427513217352,26.398432441318,1035178227.48115,0.0932493860606972,4.876839852099998e-06,4.4765310544214785,5.428279
Botswana,2023,0.0078659967703546,1.64031664035479,0.0058755099497158,160.0,65.913,70.0183868408203,1745.82098705183,0.0063556706047216,2.73379817032757,2.12467971961613,1.58126132370886,34.3235124372148,32.2751013777669,36.5821112512447,30.3195921303399,665417580.126418,0.0793610407833026,3.813666599812698e-06,3.2560028352699475,4.251142
Brazil,2023,0.6720678117108603,0.395928695574996,0.5576388743727708,640.0,73.425,106.031188964844,2655.03492421003,0.7133698337233424,2.90848048667777,4.65899475870381,6.24138467625666,22.2631820393204,18.1102794216442,15.7436671722105,16.0859873495074,64227330465.83,0.092595485194508,1.2170759571199324e-07,1.5156601530725473,2.7450597
British Virgin Islands,2023,9.505413816512244e-05,1.72311000328138,0.5576388743727708,2870.0,76.373,82.6103210449219,2655.03492421003,0.7133698337233424,2.90848048667777,4.65899475870381,6.24138467625666,22.2631820393204,18.1102794216442,15.7436671722105,16.0859873495074,44158493710.0,0.0831494167038042,5.978618736729493e-07,2.874055919246591,3.3497167
Brunei Darussalam,2023,0.0014318709820906,0.782881746925984,0.0044900951791793,170.0,74.551,88.8281131297345,10118.7762447511,0.0049550153256133,1.40706832327938,-12.8961956287324,1.19494547242928,61.8007697610423,76.5348303286795,60.0281734301402,29.5631702814335,-50992640.1915361,0.0754071154280494,5.20053683313502e-06,0.7501488942980471,-0.6519409
Bulgaria,2023,0.020491569825516,-3.00602010787702,0.0261742397063916,170.0,74.3609756097561,96.6720733642578,4708.92745757231,0.0335994080767026,1.88681483907177,7.98419924336682,2.51757865068013,22.6590548996786,61.8853159708659,57.7828043733469,19.749565552763,4058310000.0,0.0939418062545575,7.555169710872447e-07,2.7117622780553505,1.723357
Burkina Faso,2023,0.0732659197280638,2.26973666268599,0.0055919241864462,90.0,59.766,30.9303798675537,4708.92745757231,0.0066604078741978,2.96018147384929,1.99804752407688,16.3344550497717,29.2507438804066,28.8622955091639,35.9600256062745,22.5438564249502,5174270.0,0.0897961001602669,2.0402610283902097e-06,4.7730156859362545,4.657004
Burundi,2023,0.0435468060488436,2.72764441044431,0.0008499660390932,2220.0,61.977,46.391471862793,4708.92745757231,0.0008571661997709,2.70000059705133,11.3760314899613,25.219392135359,9.58704196613673,5.26338520550318,24.3298626640039,12.9873820939998,34127983.5378171,0.0658015742725123,0.0003899532210227,2.7658789167277784,3.3174963
Cabo Verde,2023,0.0016336266687726,0.497087597239901,0.0006972968998092,1560.0,74.722,86.4913024902344,4708.92745757231,0.0008216091297697,5.47543591649173,3.79259432080659,4.64406828692035,10.5663236902043,38.3639967741243,56.3745937204801,20.1214437976469,158735894.913156,0.0937631049207615,0.0002857339166698,6.346496749079798,4.5271873
Cambodia,2023,0.0554341319302546,1.28320677599476,0.0118407939232205,350.0,69.896,60.0614252117159,269.212273845453,0.013884252786823,4.96006658918908,1.06309607242758,17.0784472455351,40.5173741615592,66.8926660552171,67.3141763407136,33.2944796211269,3958792378.8864,0.0880167210394752,3.822103070575769e-06,5.074571878085641,6.1032124
Cameroon,2023,0.0902860469003233,2.64245336134821,0.0136184233685219,560.0,60.958,44.3895797729492,282.956948159268,0.0161631410095272,3.24834497823876,4.65972285962381,17.2949410198251,25.5334310202935,16.6141431983781,20.603584977619,19.5166502739918,-109133290.0,0.0923972805832002,5.25927161396409e-06,3.422139596035913,4.0105953
Canada,2023,0.127608951767106,2.93227401162387,0.6166167197539661,260.0,81.2956097560976,108.613220214844,15589.9692685564,0.7031319673146468,1.24892730403391,1.5347101132531,1.83978931118122,22.4516173195,33.3693043905205,33.8231897487673,24.0198953024404,47745201181.1264,0.0824180201955796,4.137751728233281e-08,1.6734621438301347,2.0937908
Cayman Islands,2023,0.00020345062926,2.00104859136332,0.0012455499287375,270.0,82.009756097561,99.2621688842773,15589.9692685564,0.002333133473275,4.35967595700366,3.64092096854627,0.465371444079118,8.19059449963044,59.6335983892308,45.8391910760943,24.0198953024404,20421626280.0,0.0899339666109411,1.7537428221009594e-05,1.9868582367080978,3.3610494
Central African Republic,2023,0.0163719906735235,1.06107453184959,0.000758387700175,370.0,54.477,15.42516040802,15589.9692685564,0.000828721930803,0.870251450842758,3.39995299007134,28.6110555239693,20.7068173193684,14.4408262093734,29.0397439989846,23.7477562200269,1290.0,0.0891825149952245,6.718404488372662e-05,3.3066612091568515,1.7553861
Chad,2023,0.0614668249552238,4.57399213394625,0.0036861478234862,310.0,52.997,25.2421398162842,15589.9692685564,0.0043055338711088,4.12231962001739,-0.936604165489314,25.1252311455263,44.3712975732338,43.5044116555991,48.072669628379,25.7554813932324,-2147150.0,0.088196883642659,1.0926979957700094e-05,9.81664211554151,4.6630416
Channel Islands,2023,0.0005047472278449,0.284259058075622,0.0036861478234862,1090.0,81.583,25.2421398162842,15589.9692685564,0.0040950320701833,3.71500566060664,5.75258334988345,0.598873830764423,8.22051733135763,43.5044116555991,48.072669628379,25.7554813932324,-2147150.0,0.091970367616659,4.043116041956081e-05,2.6996137932937905,1.1991446
Chile,2023,0.0625483738400745,0.53962870957127,0.0883753345895705,530.0,79.519,106.068328857422,3856.82086430427,0.1101094042147866,0.218780666901552,6.59951204566833,3.5202728754447,29.6651664091037,31.1367365250198,29.8303574695752,22.9537913250417,21737835925.3814,0.0923466422894672,7.181746414956918e-07,3.3651986365556716,1.6831928
China,2023,1.0,-0.103794531589067,1.0,390.0,78.587,93.3106079101562,3905.31759800563,1.0,5.24955786387791,-0.582393794026771,7.12013561003674,38.2829907905443,19.7430723247274,17.573699039207,42.0789515576359,42727679407.24,0.0831494167038042,4.445857824450836e-08,1.858789085399951,4.7515464
Colombia,2023,0.1665180844039224,1.12092864340999,0.1013190125785229,390.0,73.659,101.573776245117,1323.53553534318,0.1192858213817388,0.610409565791542,6.33605731984103,8.72385780733094,24.5543601164546,17.8372967672269,22.6565033851461,13.6023346887484,17144522051.9865,0.0875230575227022,4.830233861031151e-07,0.8945242556844429,1.5820085
Comoros,2023,0.0026778847160119,1.92327433672711,0.0003758635183211,1120.0,63.68,55.1931973675637,1323.53553534318,0.0004338704188631,2.99567457175966,2.91808886046567,37.1852737709758,8.97434105710441,12.955861475022,34.9854967116694,12.7170165749988,5352754.89432874,0.0905014789556231,0.0003843595305962,2.8402216032306544,3.0234835
"Congo, Dem. Rep.",2023,0.3367176658631997,3.25963514299902,0.0190751314841932,290.0,59.743,56.831600189209,102.100369778076,0.0217764972722717,8.56086250904089,13.1719312219148,17.3892986060686,46.5079749144518,44.2459902044245,47.0152754036475,32.1151182270969,2375258886.51998,0.083884537890437,2.012618594367325e-06,6.907686695484736,6.265178
"Congo, Rep.",2023,0.0196521328577558,2.41919038084212,0.0042962908760065,80.0,63.053,65.6208031967423,193.131667162391,0.0050182785592301,1.90686426346754,-7.56770228699291,8.95211587630601,45.2236339577947,56.8959278033859,39.314466600576,25.2109559920067,26364470.0,0.0805420576554117,2.408519073378684e-06,3.081475395145927,3.4905643
Costa Rica,2023,0.0162227127289551,0.46646444898736,0.0206987841201401,360.0,77.32,133.159164428711,1954.010378176,0.0283779670980787,5.11192183224598,-0.087922596921004,3.80047657288839,20.459253835237,38.9156320351491,33.5563670450278,15.2565937229937,4687479757.85749,0.1038691667494824,1.9167206287159458e-06,1.8600176902044578,1.9375144
Cote d'Ivoire,2023,0.0991765359187349,2.50384681190665,0.0218795948691045,100.0,58.916,66.0276794433594,253.675533011149,0.02587633882914,6.199999999987,2.92244000008407,14.3558740989075,23.8872081552878,24.5199592562693,28.0539609576358,28.1135035890477,214905250.0,0.0934611619263654,5.734816899706163e-07,6.698227172152537,6.8730044
Croatia,2023,0.0122569952864616,0.104856226330186,0.0226024858760857,4490.0,77.5756097560976,105.577796936035,3746.90772415638,0.0276874031138168,3.30254488086325,11.7403306343319,3.35726861927119,21.010322389472,52.9341592859634,54.7667601446359,23.2818000891938,3341914870.68901,0.0985596632547856,2.4677913384095047e-05,4.118683165631446,3.2129831
Cuba,2023,0.0350492730117754,-0.361317873522215,0.0287075898893249,80.0,78.155,95.4401473999023,1453.59977493792,0.0352220378465862,-1.92899211214875,14.1554019623172,0.800262312763136,23.7700418806891,40.0139049760333,48.7891320172335,16.5925136354171,3341914870.68901,0.0831494167038042,3.3092610784443645e-07,0.041371842341679683,-3.2688212
Curacao,2023,0.0004416281481185,-1.43292207278827,0.0008600606347068,960.0,78.0170731707317,123.429740905762,4797.67043595944,0.0010669654925739,4.20199999999977,2.40355185282874,0.268253397737773,11.6877248208857,63.2460008659465,92.0228579057409,41.0673551203898,136602563.648045,0.088725967853356,0.0001357679502576,3.797370925108697,3.6344862
Cyprus,2023,0.0042522456279479,1.0167681770201,0.0086821443016599,6720.0,81.889,104.005722045898,3475.61701146862,0.0111114512391113,2.61190090914745,3.82970232014782,1.17908465124222,10.4941708818085,97.0188279262,95.7680936007986,20.5141680170979,-8942336964.35326,0.0909628919873715,9.20242056203848e-05,3.0128147405555605,4.4678617
Czechia,2023,0.034553051809523,1.78238907045946,0.084598047613484,70.0,79.0292682926829,102.935562133789,6258.89103703659,0.1126281282346353,-0.085330275927376,8.15889263966358,1.73116772638178,30.4223358832913,68.9733370768244,63.9787560820245,27.9925844224832,8225354599.29861,0.0945481789799526,7.971560386545362e-08,3.116250891366473,3.3258233
Denmark,2023,0.018901117988772,0.741185515720057,0.1240966060621061,1110.0,81.3048780487805,130.326995849609,5858.80153628748,0.1335943646530297,2.49518433148894,-3.78891798596015,0.756712776534002,23.4885652894018,67.9596433833598,59.8089240967317,22.8265168619473,4576876842.84454,0.0842140453744343,1.2505648684325638e-06,1.8711811790812076,1.9497367
Djibouti,2023,0.0036409751091113,1.38410272350128,0.0011029837984694,640.0,62.859,130.326995849609,5858.80153628748,0.0013351348874332,6.67664964361434,4.56452579428684,1.76004578990614,15.3024345262154,169.105788685534,173.596569008243,29.4321187058151,137009451.0,0.0927499555258906,7.245991131457712e-05,6.632255270856477,7.2847657
Dominica,2023,0.0001826708949086,-0.473991407609536,0.0001723554647671,410.0,72.981,86.1783905029297,5858.80153628748,0.0002046648999216,4.71223818531963,2.86621599756806,14.7962939890587,12.1968761680391,29.1932598071942,77.7672443720458,32.7042219670468,20691116.4076457,0.0895632700941664,0.0002909539710196,2.8175053874586786,-0.20526198
Dominican Republic,2023,0.0360403020887599,0.891159203732232,0.0312787545125558,180.0,74.17,72.2825393676758,1591.96892296739,0.039847077628283,2.36061568723294,6.42391980187598,6.3668923231164,31.1386885672813,21.1387561330729,28.4765760588189,31.3371205479558,4750500000.0,0.0889401640450397,6.729624891991254e-07,6.699949173924761,6.263472
Ecuador,2023,0.0572046206841523,0.872456027022398,0.0336808421536455,220.0,77.894,93.4162673950195,1369.24416674296,0.0389939576967384,2.35521790742197,-0.408196858042402,7.67737671642516,26.8571330147768,29.0653688196742,28.7823855285042,21.4485365984717,383006348.523188,0.0847603867809661,8.442212148342991e-07,3.7687922915181202,3.7611086
"Egypt, Arab Rep.",2023,0.3645578019854946,1.68834126904494,0.1249839168236184,1390.0,70.159,85.5924224853516,1560.60802397622,0.1299549040006427,3.75870055176806,24.8250653743744,11.5659207037428,32.1190419225224,19.1021039290635,21.3403342882993,12.8753925650879,9840600000.0,0.0690664291131491,1.6141710958106468e-06,3.7710230942147285,3.4327123
El Salvador,2023,0.0200555646518674,0.465531145369394,0.0088991893290151,1570.0,71.475,65.7442016601562,957.170707882826,0.0111536860412103,3.51097706608982,2.7288450232809,4.60544302882029,24.9541534154015,31.1262002574112,49.7966816421397,19.279172333181,638117023.61,0.0884175465548561,2.1406896462567195e-05,2.7445659810618306,2.844781
Equatorial Guinea,2023,0.0058520209698872,2.41057232825781,0.0025334126434302,2600.0,61.19,18.3817405700684,957.170707882826,0.0040391158362778,-5.08930872071532,-7.64752019845845,3.09341045540385,46.5038081676499,36.6023261927194,24.8409553263226,9.3599926039255,-687760.0,0.0749477609645363,9.779431336069885e-05,-4.8050877059234045,-3.0661285
Eritrea,2023,0.0110177999028743,1.77168715176453,0.0005393423066221,720.0,66.604,40.7442817687988,103.386789688331,0.0006677468577902,8.67980010138049,19.5382281454081,14.1242274354984,21.8193391437224,18.1548372567671,29.2389528621013,12.626317662696,45493.2775877118,0.0831494167038042,0.0001618108187465,8.735118462836303,9.157352
Estonia,2023,0.0043328116629408,1.57745133607335,0.0107553999447833,580.0,77.9439024390244,112.551849365234,6732.36747315611,0.0135414884526783,-3.02303584066192,8.05478314709862,1.92665836505749,21.7421087380918,77.8577030027173,77.0015416189322,27.694515970385,5350805151.56147,0.0894658885792652,6.504422775243437e-06,3.3496246313103573,1.9354086
Ethiopia,2023,0.4096185031343134,2.6036241976442,0.0405650175361717,1100.0,65.645,34.8671396485425,67.1310789699039,0.0537143893953382,6.49813464238613,33.0206928816945,35.7897991219755,24.4766764370164,6.59300267773163,13.9924088899406,22.1714596641164,3262966283.51939,0.1073688499415661,3.103835854437704e-06,5.594619492165257,6.725963
Faroe Islands,2023,0.000144383725059,0.977560950757493,0.0011055386584776,10600.0,83.3,34.8671396485425,67.1310789699039,0.0012723824156481,2.4890581166362,4.0731868743961,18.2015059267542,19.6699145254696,57.7188961490028,56.6189827007871,31.0048550721946,3262966283.51939,0.0910904576076628,0.0012590902480776,4.054832870847269,5.029831
Fiji,2023,0.0029126689755538,0.51237740019889,0.0014808188751235,400.0,68.312,95.9080471414581,67.1310789699039,0.0017760661846922,7.52429088237292,4.09957635834306,11.7329101909603,14.1921339062096,48.1741152663973,69.3324440977756,18.4752088503066,28976170.0,0.0910561103767775,3.409910559102931e-05,3.9473025191297064,8.418377
Finland,2023,0.0177454967359133,0.499192375381062,0.0845617930102669,780.0,81.1878048780488,144.852462768555,15249.9893802302,0.0969813968675927,-1.16396281522198,3.91351734729513,2.31340553197717,23.8647007171081,42.8153812381092,42.5182935752964,22.8139177520855,-260116463.672399,0.0876863776369901,1.2100226256129578e-06,0.43679912691844774,0.61704516
France,2023,0.2173416444323012,0.326319200823468,0.8779286717260876,11460.0,82.2292682926829,104.256248474121,6939.94352490927,1.0,0.936487502671483,5.30357175264875,1.74050275246234,18.4701925763483,34.2800305804742,36.279524212719,23.1533644509286,8803377981.64788,0.0906049596276631,1.7306502056950112e-06,1.5572736056566747,3.0580127
French Polynesia,2023,0.0008658046617105,0.263581727538977,0.0013125940809665,6500.0,83.55,75.0310287475586,6939.94352490927,0.0018983553513247,4.46607459000271,1.79361104875255,2.25047826168236,10.6834624276376,21.096822594212,46.1341436614809,21.7636761819601,14972180.0,0.0831494167038042,0.0005188143748505,1.600869044574115,2.305887
Gabon,2023,0.0078804642784163,2.19891289669511,0.0055918636128419,14520.0,65.694,71.4352105480219,1112.01026688752,0.006353149447665,2.44588083119469,-9.96401107833999,6.52596912546538,53.5260426150101,63.728334784929,27.7503319259307,18.076037701764,-33779110.0,0.0788689414131683,0.0003475693597329,2.355263945626275,4.3226686
"Gambia, The",2023,0.0085586577652376,2.30124049704572,0.0006513250462149,1180.0,62.906,101.391246171605,1112.01026688752,0.000776414331607,4.79750895186164,15.6019043854862,23.2246283293297,16.6589321268444,9.60449609672499,32.8315063993382,27.2873451105666,208372222.211356,0.0903671174439473,0.0002285505342722,4.976757243653156,3.728318
Georgia,2023,0.0117979726098879,0.0802640328443946,0.0070823261195953,2440.0,71.587,104.344261169434,2693.97276022513,0.010091070255984,7.8322012152783,2.94809953621152,6.01579511070392,18.8799548739128,49.2670598176264,57.8841193508743,24.9987945168551,2085707951.1,0.1024299075862312,3.6779930013336566e-05,5.720577234368052,4.287412
Germany,2023,0.265065363396719,-0.620053754616789,1.0,23410.0,80.7056097560976,100.81729888916,7035.48297471676,1.0,-0.266438410090913,6.14291653024772,0.841992091839782,26.8431150028073,43.4023485563427,39.3967578932279,21.6725400485002,19515498091.7767,0.0831494167038042,3.550884166673649e-06,2.422754164161711,2.2181082
Ghana,2023,0.1075236355204918,1.90860289687983,0.0227006224851473,6310.0,63.945,76.7830963134766,341.06480117106,0.0250541873597539,2.94478583082221,33.0798250532954,21.1026509845537,29.4595520645092,34.0367592151643,34.9998302644838,10.8475973001109,1319315614.67989,0.0855086084202781,3.8332803121198775e-05,3.3597387083260752,3.6790738
Gibraltar,2023,9.341798873855794e-05,2.26613272520816,0.0227006224851473,1220.0,82.83,92.4276962280273,5851.3394081614,0.0250541873597539,2.94478583082221,33.0798250532954,21.1026509845537,29.4595520645092,34.0367592151643,34.9998302644838,10.8475973001109,1319315614.67989,0.0831494167038042,7.399356875505171e-06,2.7994417959934337,3.6204393
Greece,2023,0.0330937147488106,-0.300290930163656,0.0668674541045055,560.0,80.6365853658537,106.21671295166,5062.60642155232,0.0799042487150787,2.3321238825698,5.87456266805546,3.34343514538129,15.2818535136882,43.7082588320458,48.4480311941784,16.7312327593368,4722066764.49034,0.0925014927733703,1.0524544530065371e-06,0.2815969309097292,1.7505103
Greenland,2023,0.0001519692193849,0.359389425458904,0.0005470200205646,2380.0,71.5404878048781,106.21671295166,5062.60642155232,0.0010519967043326,1.29021048770599,-0.416168295320645,17.4863226814917,16.0613255078918,35.4361749713673,49.7161311253005,33.3362826203432,4722066764.49034,0.0831494167038042,0.0003413583781374,1.179950051963665,0.5560272
Grenada,2023,0.00034364698956,0.143593450145476,0.0003357093181707,910.0,75.335,102.078239440918,5062.60642155232,0.0004221711472323,3.56612861773655,3.823033409956,3.27747118289369,14.9533919520249,35.4361749713673,49.7161311253005,33.3362826203432,163816991.111111,0.0894069292481407,0.0003207442621646,2.4950109645850675,1.634309
Guam,2023,0.0005009751712875,0.799555642468131,0.0003357093181707,220.0,78.33,102.078239440918,5062.60642155232,0.0022578368428633,5.09986426216793,5.46517905025054,3.27747118289369,14.9533919520249,7.88712011577424,63.9797395079595,33.3362826203432,163816991.111111,0.0831494167038042,1.4761846961292514e-05,4.245470788355586,4.0701213
Guatemala,2023,0.057665400470616,1.53986971917384,0.0282451905262602,1000.0,68.674,47.6308784484863,586.797689667431,0.034269759242116,3.52679214166824,6.64227801635242,9.77009779221321,22.2850560397911,16.5614935385372,31.6269582863156,16.4400769400898,1583156540.0,0.0908181415216807,4.428564367115308e-06,3.5670529693494317,2.8657737
Guinea,2023,0.0458260131307694,2.46199049961035,0.0055015896842857,790.0,58.985,35.9549392998814,586.797689667431,0.0072756996842212,6.74493444630886,3.92197888518862,29.0912987072123,26.3423136091559,41.5653232624964,48.9771253382285,20.8605222670854,1307980000.0,0.0927086513515006,1.6501675664316638e-05,5.879352555199404,5.165315
Guinea-Bissau,2023,0.0068254025518895,2.24529187264064,0.0005655933178489,180.0,59.861,34.7679214477539,586.797689667431,0.0006622813055651,5.19926829741253,5.39039286757867,30.739271738623,18.779829790111,13.8832772888755,28.1505489888657,23.9636336125093,257470.0,0.0948004548171664,4.077041448365333e-05,4.624431125700202,3.2673943
Guyana,2023,0.0026013804060546,0.57233513230005,0.0031851868291857,2340.0,65.989,85.3713302612305,586.797689667431,0.0056216444757975,22.062117087108547,-12.8675261337105,10.0298369253619,67.8206484460748,84.6228685715672,109.727888738605,32.3339782741868,6900000.0,0.0969404226369376,6.327672378664812e-05,10.57333946693003,21.613544
Haiti,2023,0.0370147754981032,1.15633263604117,0.0057991266258169,550.0,63.728,17.5030498504639,39.7176001507726,0.0065049143870985,-1.86388420254838,31.5119631448975,18.1539755176052,31.037006006726,5.27068998656754,25.5147337129684,13.8536836673602,23647920.0,0.0814960434245185,1.2844420591503509e-05,0.3374634366407594,-0.06877504
Honduras,2023,0.033855329574196,1.71477388415816,0.008727950530611,7630.0,70.728,55.1028709411621,612.482100538865,0.0112800038336738,3.58260362632656,6.1785877403702,11.9797586981212,26.0324240833019,37.010574858456,60.9429036101699,23.118689953979,1086111945.15352,0.0910196246088535,0.000102927676386,4.48156353249704,5.4766135
"Hong Kong SAR, China",2023,0.0239596463718968,2.55352466697343,0.1182983976763568,1490.0,83.6609756097561,102.00390625,6083.2699356802,0.1249695806049809,3.27652625631858,2.77774905222925,0.037899101858364,6.32398500000503,176.759868272113,176.038779165958,15.4520004521061,111109239723.332,0.0882799495823697,1.8010329732726464e-06,1.8187691156955066,-2.2464511
Hungary,2023,0.0305045178307825,-0.542624252156938,0.0536656739992372,6950.0,76.0170731707317,102.908576965332,3965.95823348335,0.0696943819319652,-0.907685956140242,14.7490051351556,4.69014413462121,24.320183560803,81.2041797233293,76.0920441628175,25.3457083347974,-72234232901.2071,0.0997709163009194,1.5172632342019683e-05,2.1497730913638264,2.1060655
Iceland,2023,0.0012230550241478,2.92687965279829,0.0089857065266838,17460.0,82.1707317073171,112.589393615723,53832.4790919587,0.0102706841802652,5.03717943960838,5.69949212718926,3.81786064533298,21.0567362164463,43.6436703310559,43.1509786054567,24.8660780868475,688474931.162357,0.0905335443348727,0.0002586795054154,5.578566127175662,5.030139
India,2023,1.0,0.883289539766135,1.0,14070.0,67.744,78.863958593161,794.2925527843,1.0,8.1529363109041,1.33405065563208,15.9983621319994,25.0306333187945,21.8482115022381,24.0736387142048,33.3198612583639,28078983530.3979,0.0831494167038042,2.128207581272772e-06,5.090326886312036,5.863856
Indonesia,2023,0.8950467692982584,0.842666137328498,0.384862564135999,5160.0,68.25,97.1654711118149,1084.0,0.4499975114306846,5.04810577067288,1.5330736733459,12.5293069217922,40.2156294645022,21.7465817671945,19.5690849947929,30.5197743952542,22085914486.0992,0.0864333305798134,1.7316540531200194e-06,5.276871257716997,5.432275
"Iran, Islamic Rep.",2023,0.2883938843218342,1.20408185634218,0.1198615107488406,2380.0,74.556,87.0725479125977,2872.45553163727,0.1327849560351958,5.04489051061807,30.4931401221187,12.8357641821529,36.2438644208097,24.2011132509509,27.9790625604926,38.0015916372557,86665140.0,0.085313363500793,2.715031234643662e-06,1.081153739245059,3.5239272
Iraq,2023,0.1434493228908799,2.25148890849618,0.0723525141281627,1270.0,71.336,50.4981002807617,1250.53149709006,0.0823146385115176,-2.93555773971221,-18.1894127218862,2.80439543155543,55.5843655997855,44.6396362376063,24.2947226574945,22.2679803793067,-5363500000.0,0.0727649862751706,2.334890156800856e-06,-1.753448970806293,-2.0535958
Ireland,2023,0.0168659518250116,2.70991347020317,0.1192483983142689,8220.0,83.0560975609756,133.150497436523,5672.06413410796,0.1809534529676866,-5.53000736095537,3.62187153658782,0.875702556096056,33.1881838653592,135.058214305059,102.157667032559,26.3322520716791,-139972323560.253,0.0835775680172584,6.9040745069153954e-06,-3.344844407329762,-1.4308422
Isle of Man,2023,0.000238869762858,0.0392163858214135,0.0018164435683749,4160.0,80.762,133.150497436523,5672.06413410796,0.0025929843475452,3.83783666558899,6.5149168978037,0.337744275420086,9.42416820760903,135.058214305059,102.157667032559,26.3322520716791,-139972323560.253,0.0831494167038042,0.0002434241744795,2.0078465951260167,3.6385922
Israel,2023,0.0310278755580572,2.06177924891639,0.1517142436906186,2770.0,82.7,96.5853729248047,6600.8982801222,0.1685531136707986,2.42300691049012,4.26608944082265,1.16618052925075,18.8921333617118,30.6040435938361,26.9242084709227,26.112915649354,15110600000.0,0.0813455496834443,2.4881692351889223e-06,5.788616547191218,3.579137
Italy,2023,0.1877572234122942,-0.0342216578672275,0.63656128812756,18570.0,82.9,101.353858947754,5002.40667987736,0.755140640974453,0.69763299419678,5.81875394007432,1.85675159800177,22.9395572766071,33.7297334484836,32.5103733484386,22.75497093188,42019753074.4717,0.0909760168032937,3.7308308369963534e-06,2.3154052512332264,2.2065682
Jamaica,2023,0.0090104801110664,0.0226098931571573,0.0049968380448296,1710.0,70.629,86.4048004150391,1081.34266893697,0.0063646207011865,2.20006147154612,11.6865531940529,9.02386916925967,18.648884323148,38.0360807474106,52.0745268861888,24.2690954889352,376524958.397676,0.0944593846130391,4.084590606466743e-05,1.7349649572261558,2.0562093
Japan,2023,0.3963286343129464,-0.487370782049143,1.0,1030.0,83.9963414634146,102.337966918945,7819.71463590936,1.0,1.67901952310368,3.79301783489684,1.01759821736288,26.9164340611327,21.8105445779804,23.3521039062351,26.1770855676398,19983856529.9978,0.0831494167038042,1.419439117195149e-07,2.2896096493648703,1.4969202
Jordan,2023,0.0363839189336992,1.61225050235636,0.0143902029074151,1270.0,74.215,91.9696807861328,1891.89588828567,0.0167171503281215,2.67827153754409,1.79036458654697,4.80965028581124,24.7652637905021,43.5298318874029,56.7462140830907,25.1777968181063,842816901.408451,0.0869049961772265,1.1550067655705358e-05,2.739615098670111,2.8364632
Kazakhstan,2023,0.0646851372436164,1.46415151694869,0.0620376813655545,16650.0,74.44,97.1888259892982,5434.24176252232,0.0861870126794059,5.09999999973641,9.85761932391583,3.94185094025748,32.3295253976977,34.4043098837574,27.3689161894276,29.743445170011,5437312390.6917,0.0968466878313625,2.9407976133278437e-05,3.6577483574509815,5.4233794
Kenya,2023,0.1761244174449868,1.98296028478422,0.0332680480806232,10320.0,62.055,57.8705596923828,166.639740255679,0.0354474365319327,5.55587301319866,6.10780209189015,21.8099563923185,16.8580693934385,11.6861054407608,20.405973840686,16.3568914711063,728766608.605276,0.0784920647480414,4.431899709553203e-05,4.188051184484972,3.3882284
Kiribati,2023,0.0003928237842895,1.56733842415292,0.0001282188919165,7660.0,67.661,93.2427215576172,166.639740255679,8.166386981748767e-05,4.12459054312031,3.36844589533216,27.7545790076376,9.8307408470718,7.36810244749678,92.3771365892843,20.3011048122805,5110622.69797061,0.0857182236138853,0.012733112261855,3.543712130788443,2.879632
"Korea, Dem. People's Rep.",2023,0.084064595072152,0.338821174570736,0.0001282188919165,590.0,73.578,95.9569625854492,592.387127993889,8.166386981748767e-05,4.12459054312031,3.36844589533216,27.7545790076376,9.8307408470718,7.36810244749678,92.3771365892843,20.3011048122805,203000.0,0.0831494167038042,0.0009807350603666,3.597145368029538,3.0795999
"Korea, Rep.",2023,0.164581020359184,0.077477253324535,0.5222669185577388,320.0,82.6804878048781,97.9161987304688,10496.5136719641,0.562115040663698,1.35673324311098,2.06407396162432,1.59560572785029,31.5941649740866,43.9956698686696,43.9440093217037,32.129273979048,15178400000.0,0.0850805763892076,7.176575338817589e-08,2.05177775726231,2.2829044
Kosovo,2023,0.0055617699715168,-0.665635964307823,0.0029979593459821,1200.0,79.524,97.9161987304688,2818.31080082172,0.0034256161316082,4.06762701436438,4.56377769107739,7.22045622204888,26.345706078274,39.6404797611422,70.3113831753437,33.9456328143183,908658506.572891,0.0930451003791581,5.3189019550297486e-05,4.745264171017158,6.333352
Kuwait,2023,0.0154202196332663,5.58813678140227,0.0570473769657228,1040.0,80.264,95.2544174194336,15697.2030696074,0.0537166707508369,-3.64042590261035,-7.35671016267938,0.473544674668771,60.7482821251585,60.3045984935725,30.3976318435556,16.8884393847005,2114603344.83449,0.0740019609891424,2.933595243617528e-06,-2.8725841874274702,-1.0034206
Kyrgyz Republic,2023,0.0225706701028668,1.76957754134087,0.0035488491318406,2630.0,72.0487804878049,93.465834530678,1918.09896886095,0.0045806581086759,6.15139183716032,13.4157414075184,9.65470061489197,22.6354196130715,39.1622646226036,100.993450396404,30.3559983946603,1500000.0,0.0958444440939932,8.725149127545765e-05,5.266555026208294,5.912481
Lao PDR,2023,0.0243699347143835,1.39237667233214,0.0045954111711844,1070.0,68.999,54.502009299061,1918.09896886095,0.0051896276025137,3.74568140158232,24.4217202066692,16.1390568351887,30.5335808308347,33.209427456122,41.8824634642904,29.0076540961796,1781176779.47453,0.0851618061164801,3.133073070400223e-05,3.8075299176095223,4.475774
Latvia,2023,0.0059471850229156,-0.103172153311714,0.0120760005326941,210.0,74.580487804878,104.764526367188,3507.40452065472,0.0138554385641189,1.70679524969924,6.4069165256975,3.84563990980558,22.3381247616129,66.9707758270699,70.7100697951548,23.9940062166001,1689068343.71427,0.0923985051241563,2.292067573070988e-06,2.4332681347836154,1.7711014
Lebanon,2023,0.018348968488028,0.503630953855672,0.0067959507311486,22960.0,74.416,64.7028884887695,2553.80897086651,0.006879575877207,-0.621678970663112,112.149478998819,1.1895732629522,2.39076209975393,34.8287792460469,80.0594990196196,1.22517144706489,655437382.076387,0.0831494167038042,0.000507612280303,0.9212017873926185,-1.0512369
Lesotho,2023,0.0073287667878251,1.10328678263994,0.0008116414646617,1240.0,53.036,59.8201412049312,2553.80897086651,0.0006851281798426,1.82662525852363,-0.368097835928623,6.63922933135679,28.7322622937261,42.9229805805595,98.5907749545486,27.2206686483307,-25647817.1357355,0.0747901103970855,0.0002717159363967,2.128485220881083,0.8510092
Liberia,2023,0.0174562102380802,2.20390696065654,0.0011018726585012,8380.0,61.1,37.8051300048828,2553.80897086651,0.001381564049266,4.68375688761311,1.23085463416679,35.7783018867924,24.1745283018868,42.9229805805595,98.5907749545486,27.2206686483307,87372830.0,0.0881154018447298,0.0009172899950519,5.225984222897908,4.6858673
Libya,2023,0.0232261134730506,1.12674309223491,0.0123438945859043,650.0,72.151,97.4502029418945,1792.67904852649,0.0147903306954571,10.1558181770326,-5.34146995735976,1.77478465195997,77.3400785094267,85.1137376753101,70.5414639888686,16.4803551353643,-164183330.0,0.0867067791699901,6.674750450056416e-06,5.897594043403775,6.6153
Liechtenstein,2023,9.780758029348488e-05,0.899896422348841,0.0011706815229927,230.0,84.319512195122,118.726867675781,1792.67904852649,0.0024060170114474,-1.15748291975636,-9.90066262743474,0.166049303870226,40.2009622344276,85.1137376753101,70.5414639888686,16.4803551353643,-87212093508.4059,0.0831494167038042,1.4486015944030675e-05,-1.4561771627906623,-1.8438457
Lithuania,2023,0.0091117017367771,1.40084461829591,0.0204804671001596,3120.0,75.7926829268293,106.918357849121,3821.1451704374,0.0261764337643965,0.34226255222913,9.02175581692678,2.71539099968174,24.2370942924201,76.4728581033646,72.5690509112436,21.9341715222081,3831114463.91848,0.0933990049316677,1.8133621628664136e-05,2.911748714672191,1.8412672
Luxembourg,2023,0.0020923182956568,2.02002574712319,0.0159119452006576,750.0,83.0463414634146,107.83975982666,13914.6784488756,0.0281341416283016,-1.09572361576994,3.43002456230172,0.229008782818307,10.4719147444682,212.530618289922,181.690075385809,17.9502229880758,-23678690370.0,0.0873386409792051,4.044224500031966e-06,-0.6266538356308131,0.48564762
"Macao SAR, China",2023,0.0021316941096775,0.221222713921319,0.008843905729081,2280.0,85.377,92.5810394287109,13914.6784488756,0.0150222328337658,22.062117087108547,4.63616686120965,0.229008782818307,5.44475371485509,91.3583589654724,50.651724212624,15.4494108218169,528732909.516832,0.1523465125879808,2.308845091204079e-05,10.351697050136368,16.031185
North Macedonia,2023,0.0057892074744896,-0.212923714310977,0.0040967535610302,7610.0,74.4248780487805,91.4516372680664,3788.67486077337,0.0051635252137628,2.07274977880975,7.76646685488322,6.62714446125294,23.2578241917624,67.8176527859159,80.8539435486925,29.634597089877,641500343.167691,0.0940781996436673,0.0002240449957313,3.887662685989198,3.777477
Madagascar,2023,0.0992729159427379,2.46201530433165,0.0044701747206066,350.0,65.23,35.1450665804339,3788.67486077337,0.0051722194803869,3.80000000009488,8.69367544716614,22.6374198967378,22.3868349187158,26.8675598855334,33.9114943265549,21.5936856636199,119264100.0,0.0867502899908669,1.0272755332567256e-05,4.7603458217698655,4.9050293
Malawi,2023,0.0671501141320292,2.57135708610945,0.0035804052065761,880.0,62.898,35.0998992919922,3788.67486077337,0.0041620564163817,1.89245798756383,22.8067220172078,30.3792338833699,15.3161172731663,26.8675598855334,33.9114943265549,21.5936856636199,203252807.529971,0.0850432978241696,3.2114203119241266e-05,4.345247544799306,3.3946214
Malaysia,2023,0.1117839394390192,1.23402869169549,0.1170442261151804,440.0,76.26,85.5096191873777,4526.23729168266,0.1311700916481899,3.55548715410509,-1.87225562537837,7.78590383851514,37.6697498125523,68.5819009768029,63.4824063018645,22.4702448103035,7918601050.23636,0.0815376943994324,4.959682522602664e-07,2.387164442782789,3.6502442
Maldives,2023,0.0016452866208144,0.359585188904548,0.0016434165460217,250.0,80.839,80.2538787023977,4526.23729168266,0.0021531088872542,4.72639189000989,1.88425407158763,5.10520116272519,9.69157991037555,74.3820820556303,75.6502878713783,32.8813720211951,761516184.789222,0.0887193009540044,1.7589859014369426e-05,4.072821134354371,7.632745
Mali,2023,0.0756321323980758,2.97400537620334,0.0056473999057886,1560.0,59.417,39.8626403808594,4526.23729168266,0.0067710666060429,4.65677599093294,2.22593321089587,35.1089064885348,19.9332741424242,29.4050554839946,39.9858729507148,18.9179777529698,23220550.0,0.091479731101068,3.502731522931604e-05,4.441265772998271,4.7849708
Malta,2023,0.001730445970248,3.91764986035828,0.0054528591658836,10010.0,82.7,102.695037841797,4924.54401944044,0.0073181121080091,7.49851245937869,5.30471876620035,0.6861846028478,11.6811185532072,122.76554394888,104.687945212881,19.5540820486903,25147936924.7083,0.0966486075228028,0.0002080540497137,5.946917190112563,5.028588
Marshall Islands,2023,9.455119729080884e-05,-3.16867227675357,7.385046940691096e-05,30400.0,65.146,116.075157165527,4924.54401944044,7.512992586799865e-05,-3.93487109905021,6.51974948608529,19.4718087157732,11.0602776706518,38.9224450443502,71.2497878904744,19.7239876590821,499428.443349172,0.0850854462572024,0.0544134820820394,0.07817643325370172,-0.64146316
Mauritania,2023,0.0159582422251483,2.96653079197429,0.0030290520004195,780.0,64.691,35.8889999389648,4924.54401944044,0.0034858361532785,6.50718719858594,3.37147741701096,18.7429246253911,30.590214885559,38.2879909023547,53.1825806849992,42.399632595093,848351729.722353,0.0926645798934573,3.39718994622296e-05,4.363596724078908,5.505895
Mauritius,2023,0.0039850662463941,-0.117452949112512,0.004145656233755,1490.0,73.5146341463415,89.5019989013672,2182.03500136377,0.0047962464572069,6.95828740328457,8.507830178109,3.8573456405553,18.5576776579874,52.4706712906744,55.4331839430879,23.666763712501,16170640.0,0.0941899807597685,4.720729029616504e-05,4.609830268773297,2.675418
Mexico,2023,0.4129546786616504,0.872178517508623,0.4422138551203829,1330.0,74.832,98.3576583862305,2167.60530834681,0.5871631772480158,3.19998116598492,4.45991367594138,3.82227606928439,31.5593119973589,35.9817308051803,37.1760448278547,24.5819886861257,30199980895.0,0.1015932464725662,3.30077283569381e-07,3.0561837746930873,2.9801412
"Micronesia, Fed. Sts.",2023,0.0003294786994868,0.459189928699194,0.0001232274630673,18230.0,70.925,87.2967071533203,2167.60530834681,0.0001409980718136,0.784313725490193,6.1442403402407,22.4685434782609,4.85473913043478,27.3453695652174,67.5368260869565,47.7943541623229,20209300.0,0.0889506373048814,0.018393486382151,0.5347566283731452,-0.62280965
Moldova,2023,0.0077944995869498,-2.84274212689094,0.0043246486220367,380.0,68.621,97.6136725974109,1725.09417159613,0.0054181414361464,0.78324270969388,8.70839048786753,7.61944302883983,17.4403830553959,35.5383931498865,59.593181741774,20.7349196944424,357200000.0,0.0947760760410854,1.0648521143824452e-05,1.5201499510541083,1.410205
Monaco,2023,9.496182623249526e-05,0.064195567574974,0.0043246486220367,3490.0,68.621,154.156982421875,1725.09417159613,0.0032704243871154,5.04338259195359,5.30290144286643,7.61944302883983,11.5186984130418,35.5383931498865,59.593181741774,20.7349196944424,357200000.0,0.0944396136269383,0.0001620402523282,4.95294026385621,7.5797896
Mongolia,2023,0.0110520348971986,1.3708886685104,0.0048119079441069,2880.0,72.667,99.1215283290276,1990.81169027303,0.0066605731351052,7.4221127615025,21.7690280161027,9.92060281298024,39.5354090088486,76.2571171270924,66.607129472089,33.9003731595217,2247573669.8872,0.0985640955482882,6.575006650981943e-05,7.328757425654725,9.008228
Montenegro,2023,0.0019323544490943,-0.167992320943883,0.0020194613224941,5250.0,76.1878048780488,93.8724975585938,4612.34139045689,0.0024615106595645,6.33769754243548,10.5429703323513,5.47218650083326,12.4766805746728,49.9515696947634,68.591184320213,27.5972752657923,525868956.944273,0.1005114328387022,0.0003235531369308,5.25028507315119,4.4686646
Morocco,2023,0.1200162762094999,1.02195181223548,0.0409394538636462,5150.0,74.973,89.7980422973633,904.113401694149,0.0473865759829525,3.40334130078834,6.36094888191869,11.0646198674555,24.5583104066127,42.752081172208,51.0393218884237,28.8189902949244,1095981205.98255,0.0916994292752324,1.653605085596349e-05,3.199455413452398,3.8239043
Mozambique,2023,0.1070373935564734,2.95358093047219,0.005166763181043,3330.0,59.625,37.8922391567718,488.163801853347,0.0068670386238186,5.43685912188634,5.30134150828523,25.9114511595886,21.2873566004224,45.2791164196367,60.348387217791,19.8824088883357,2683506270.92075,0.0922674048121438,7.374290958395378e-05,5.4693182991812215,4.690579
Myanmar,2023,0.1722880449359544,0.698879396261223,0.0189242215276895,960.0,67.256,75.6469802856445,222.092286921925,0.0218993500605697,0.958446625192025,10.7876664462616,22.7222309725462,37.5929250362669,45.2791164196367,60.348387217791,19.8824088883357,1735589412.93376,0.0891661284081653,6.659357169954631e-06,0.7173054883649423,-0.218098
Namibia,2023,0.0094029936317672,2.50947899094054,0.0035941673544008,31730.0,58.059,63.0283203125,1624.90230907398,0.0040435380546299,4.159985754998,6.41362439275798,7.71825514163059,30.0192114707926,43.4122407828397,66.1982315495627,27.7535483924063,2294376188.51043,0.0817186344040491,0.0011923319894428,4.296186932406954,2.8604734
Nauru,2023,8.758397009162287e-06,0.625107627709329,6.807172039923985e-05,600.0,64.014,88.4923095703125,1624.90230907398,4.062718981331412e-05,0.590699675931191,5.37381833304376,7.71825514163059,30.0192114707926,42.6666791692663,98.6931676730083,27.7535483924063,2294376188.51043,0.0817532749732238,0.001806269465385,2.118077717738331,2.8861997
Nepal,2023,0.0944939653886699,-0.0700958873206174,0.0120327704478415,350.0,70.484,89.5513635551859,142.416424758703,0.0134157344930847,1.95254463264347,5.41614518486134,21.1895508386773,12.0536194904685,6.95504448280066,34.6824502284482,31.6586844616973,74821496.037077,0.0825944452684835,3.956005012473225e-06,4.3453694640864855,5.30253
Netherlands,2023,0.0568768623926044,0.990139686700227,0.3181135546864198,4310.0,81.7146341463415,138.767501831055,6712.774758245,0.3788422416735804,0.0745607216494903,7.343742684744,1.72255687762915,18.7469265145434,88.5370818069331,77.3683752045478,19.9597414384989,-309007494869.332,0.0917160818452079,1.7179437925277936e-06,0.1704769516714619,4.1416287
New Caledonia,2023,0.0008936637663433,0.952185123510063,0.0028624223206128,4030.0,80.9820731707317,98.4971084594727,6712.774758245,0.0031483264957537,3.49999999631376,3.84571494150525,1.78613861386139,22.3267326732673,21.0077980936617,37.9203845284666,27.7917371370667,50600360.0,0.0831494167038042,0.0001943490173658,2.189868306512947,2.6619444
New Zealand,2023,0.0165969739523565,2.04836808947608,0.0716509808999238,160.0,82.7609756097561,114.774932861328,9012.73109708845,0.0827520279335786,0.733302171674978,4.75854916721366,5.78022431553644,18.9694982180802,24.0744573859555,26.9494047256673,23.5633177564404,3592037225.12847,0.0849834010481379,2.795313160091976e-07,2.082286192258617,2.5891435
Nicaragua,2023,0.0216916790635609,1.37167812196347,0.0045443052025659,250.0,74.615,69.6625518798828,575.456128517107,0.0058414375368618,4.56922317096145,10.6686540407565,15.3375772258118,27.3092326209217,45.7989466199182,59.0697810434681,23.027221040513,1230100000.0,0.0947285570735662,6.492989540589995e-06,3.8374900864758894,4.800815
Niger,2023,0.0832422644604587,3.29489175812772,0.0046261071940816,1210.0,62.08,22.8998107910156,51.2596099409089,0.005509947871575,2.49999999999999,3.38791792310056,47.813173887473,20.193099392276,8.82572044697118,21.5947853362086,26.446775142129,40389770.0,0.0906129008697789,3.337504970350654e-05,4.257669412231179,7.713049
Nigeria,2023,0.7253611329322979,2.09838916935738,0.1222003855459947,8000.0,53.633,47.2372283935547,137.145901533654,0.1194015063220253,2.86021499108364,12.6218692275514,22.7249380389601,32.5844117031957,9.24153046405216,16.9249824014777,26.446775142129,1872520530.04695,0.0633708306351834,1.018992531817859e-05,2.6977878685429055,4.746201
Northern Mariana Islands,2023,0.0001146560995829,-2.05003835843766,0.1222003855459947,840.0,53.633,47.2372283935547,137.145901533654,0.0003497282204009,16.6427546628408,2.80318995750133,22.7249380389601,32.5844117031957,22.2627737226277,70.8941605839416,26.446775142129,1872520530.04695,0.0831494167038042,0.0003557017929961,1.7297175827561606,1.95424
Norway,2023,0.0175407647851966,1.13818460655469,0.1616126133174788,20440.0,82.5609756097561,119.442527770996,22999.9345951283,0.1592651874639963,0.479647246011822,-10.6191584030873,2.0956988198576,38.9771383985175,47.1984784940993,32.4674534282649,25.8760167755779,10720841228.8151,0.0679658516106429,1.953279036262189e-05,-0.1890942463046852,-0.9423052
Oman,2023,0.0160436403123388,6.52704988451128,0.0294008655588307,30290.0,73.935,96.7101211547852,6485.54543866877,0.0357009105170449,1.3104401130721,-4.05592540343423,2.30987289006592,54.3381822179943,59.2020891028381,41.3824507927067,26.8827946397041,12488946684.0052,0.0808223278762723,0.0001291850044742,4.748498204528261,3.4489105
Pakistan,2023,0.7878198640233613,1.54880458608849,0.102568669490136,31910.0,66.431,42.3586853238267,407.906769612814,0.1108901631847802,-0.0396925228069165,25.9997683355601,23.3290852852839,20.6772958630355,10.4799366025461,18.1203746435817,14.1148906380341,2048000000.0,0.0749476816908093,4.381373163599169e-05,1.7234613173948765,2.0702
Palau,2023,2.7386308379309053e-05,-0.180352864081089,5.822650711717784e-05,20260.0,69.1292682926829,93.8885157824043,407.906769612814,8.253034908518025e-05,1.87706979817723,8.24167046557693,2.9898215996975,9.87188532742542,13.4632250687561,74.2743498708997,38.4182056444169,72014000.0,0.0916918689962595,0.0333624720477251,0.004713078684706904,1.240445
Panama,2023,0.014163946542143,1.30902688797168,0.0226613727137815,62680.0,76.826,82.8732284547998,2069.06244211032,0.027334393631567,7.39930155626219,1.70673831397947,2.4502821304531,27.8207683634518,46.468393861364,43.0646745224211,37.7301749385733,2326839512.72,0.0908261727596065,0.0003491453071292,7.14629725936816,6.356714
Papua New Guinea,2023,0.0330429336363554,1.81103162496893,0.0083260505838597,1060.0,65.958,44.4107818603516,2069.06244211032,0.0100751231853318,3.03570475499642,-3.62211156973066,16.959592502238,36.2877999538849,72.1640496028947,58.9188614133539,20.0013064999479,82576809.1398717,0.0807373495785847,1.5994988711573425e-05,2.2574142021423973,4.9678526
Paraguay,2023,0.021757039095031,1.23021616038983,0.0120910241695924,3980.0,70.475,79.5136489868164,1687.86145071074,0.0140879342415148,4.71412407945468,2.06875531020788,11.348849122098,32.3550820353229,42.5476516669139,40.4411242072937,19.6083334380963,240716542.910117,0.0851380655369044,4.298739902878559e-05,3.327045886736242,2.7798898
Peru,2023,0.1077073139842293,1.09975320783678,0.0682310740310938,2940.0,73.385,105.903396606445,1344.74146583262,0.0878152905024481,-0.55018230632048,6.56634363134418,7.18623360549378,33.8585231469467,27.0886151757731,23.8208931387619,18.8085161599425,3918253336.82371,0.090272205754564,5.08412986476388e-06,3.5260543307799064,2.112277
Philippines,2023,0.3656891865812836,0.810000998681961,0.1411698657546042,1380.0,72.187,92.8650157810305,674.510319404613,0.1434579972320884,5.54585117087767,4.59648506190769,9.39675017951301,28.1806863621071,26.6536917857896,40.7429286581991,23.3211783050651,9116297668.29214,0.0898929375636019,1.450222645540888e-06,6.198704894404365,5.571448
Poland,2023,0.1167530430247889,-0.365658526875775,0.2076910162684206,3050.0,77.3048780487805,108.48217010498,3971.79976131055,0.2655632716877221,0.138832754787188,9.54718862520608,2.74749309885613,30.0570024194426,58.1135991486384,52.3531798177922,17.5207328294543,34316000000.0,0.0967280100040821,1.7344133317536175e-06,1.905135507849358,2.0891752
Portugal,2023,0.0336430853420656,1.36912985956796,0.0787053153583723,3370.0,81.5804878048781,121.978561401367,4662.60079980294,0.0948750433105077,2.52628110806764,6.90236590321598,2.11841993793413,18.1493667325279,47.3459046957172,46.4237223892386,20.5193634906027,9706321480.01485,0.0935766991612912,5.395036627920262e-06,3.151831434695046,2.3283393
Puerto Rico,2023,0.0101752179630646,-0.448878435008411,0.0230143538581312,1280.0,79.72,113.633651733398,4662.60079980294,0.0386846281495256,0.563519426800866,3.23545943820875,0.693625145565439,49.0615535065898,53.9253263083078,47.8016120126579,14.2096464615194,9706321480.01485,0.0863234595359846,5.023808700694276e-06,-0.6722958904138052,-2.346135
Qatar,2023,0.0084255598742397,-0.0489708509014485,0.0600191902161954,1340.0,81.559,104.56079864502,16893.7304373892,0.0698958599784987,1.18715991184813,-10.6934814488438,0.292779132520435,60.3680507882793,68.5984131756121,31.615234026533,30.6432344873876,-474175824.175824,0.0751392726582389,2.904866453820383e-06,0.402796863764863,-2.2843642
Romania,2023,0.0606405217472574,0.057609980983218,0.09031885900611,8790.0,75.3048780487805,83.0334701538086,2584.41178726443,0.1151118797730738,2.40427177912809,12.7699377919606,3.87724563959829,26.6873286907141,39.1522005491869,43.9378668464882,25.7736168430604,8708794314.55246,0.0984189497363937,1.1615456157707764e-05,3.7055893032156906,1.7972316
Russian Federation,2023,0.4577939935138386,-0.285217600763343,0.5932248539955992,23440.0,72.5456097560976,92.4840469360352,6583.54327856132,0.6634045030748321,3.60000000000001,7.07360156603734,3.34855889106627,30.6475345421976,23.0830029980002,18.7455221845073,25.6976089444481,-10045103795.0207,0.0741736550727263,5.366961867618137e-06,0.8688149345944695,0.5510028
Rwanda,2023,0.0443904129694225,2.1984982050137,0.0039288944027981,12890.0,67.129,45.1251487731934,6583.54327856132,0.004616805366779,8.24128769450616,10.1301242308679,27.0533057581152,21.5202939856171,25.4207037684665,40.5633385715907,23.2859021868078,459166412.257306,0.0880300514606117,0.0004243486432351,6.70918511710803,7.441889
Samoa,2023,0.0006606334335214,0.649190563116911,0.0002462721694962,660.0,72.598,84.4522508456935,6583.54327856132,0.0002979360492721,8.58409121817338,8.71088435704601,10.9738580777854,10.9078361434977,28.7537995890581,61.9036809736442,37.079250211303,2395914.9760041,0.0936556847674657,0.0003264893980053,4.1545909842536215,5.7121854
San Marino,2023,7.874039145083635e-05,0.310582221115543,0.0005050183410657,2610.0,72.598,60.7940406799316,6583.54327856132,0.0005911793065196,7.89844145767604,2.7646735234789,0.0114889167333267,37.5952017777331,197.412351319317,173.023720494097,23.025957538683,2395914.9760041,0.0831494167038042,0.0006613201883147,6.3162839275697475,6.433121
Sao Tome and Principe,2023,0.0007058599141685,1.99754660166419,0.0001567089174126,440.0,68.794,87.4154054386613,6583.54327856132,0.0002128643427196,0.372252775001456,21.6884761062027,13.7064079951907,2.82100202078488,197.412351319317,173.023720494097,23.025957538683,-3647630.0,0.1043929064498395,0.0003007544571257,1.753896977510661,0.67496145
Saudi Arabia,2023,0.1058568576313156,3.32877939509885,0.3015663553157934,7850.0,77.905,119.968368530273,10267.3777599305,0.3503622691968066,-0.754914810584665,-2.96488667496891,2.71494286407976,46.973674613507,34.7492004368248,27.3778074633889,29.3421201188179,12319037833.0844,0.0800749820706931,3.397796616972878e-06,2.588179650709453,1.3246046
Senegal,2023,0.0575149479362842,2.38738348832592,0.008390347361433,60090.0,67.913,45.5100593566895,229.718525205655,0.010114207631373,4.58406140454957,3.85182919223391,17.4126152448881,24.3018781774236,22.9926823067602,48.0118363812025,44.2946347218023,91331700.0,0.0928701607845342,0.0009040634122867,4.1714621962669565,4.4082556
Serbia,2023,0.0210536762823034,-0.621120944154492,0.0202658473098485,460.0,75.4821951219512,95.0849685668945,4271.0193111488,0.0266860449223994,3.84747112784942,13.8402321392915,3.7865962699793,23.9746623276374,55.0755160883541,59.4184325698737,24.615505106431,4891719826.35735,0.1012554178517587,2.6097253943083778e-06,3.636736511113598,4.62418
Seychelles,2023,0.0003522160834439,-0.0876274304874622,0.0005643982300788,8140.0,73.8487804878049,74.2514419555664,4271.0193111488,0.0006928366631091,3.16171435490999,-0.932509493159856,2.81663903546804,12.0215811232788,85.9480892526302,97.1188057016872,16.0711650842989,239706294.201897,0.0865224364626535,0.0017642020532886,1.5609296604482423,2.3035781
Sierra Leone,2023,0.0269022070016815,2.19524258771884,0.0020745587750894,7010.0,60.411,70.7281265258789,4271.0193111488,0.0020943543843431,5.7100218981806,29.2160488413443,29.0706684841078,26.0331665117655,21.5245154992414,34.344460849746,19.7173429649676,201800561.279411,0.0748885981613415,0.0005074066077301,4.648355949738024,3.992104
Singapore,2023,0.0188078383724373,4.85831607781442,0.1188488247118666,65455.09999999979,82.8951219512195,103.041313171387,8844.68759301201,0.1645545526772832,1.07503175095101,-3.06902994364776,0.0290657823856606,22.4003613246571,174.300145120981,136.940188501327,21.0190163289694,175241466623.637,0.0836420015305116,6.057086270868803e-05,0.7440374531179821,-0.9059713
Sint Maarten (Dutch part),2023,0.0001070355903861,1.43721256242405,0.0004357529246395,16920.0,74.409,103.041313171387,8844.68759301201,0.0005242531915285,3.8,2.02312138728323,0.0764609503003823,6.02852472331512,174.300145120981,136.940188501327,21.0190163289694,45267218.4134078,0.0880553155921149,0.0048243598010891,4.772990726541596,4.164542
Slovak Republic,2023,0.0172451947096048,-0.0923148510113108,0.0351771873756608,5100.0,77.0658536585366,92.2043075561523,5137.07383519398,0.0436094900565847,1.37833727209444,10.1364912548588,2.00257670735336,32.8619441534644,91.9484611018321,90.3659329424289,19.3066196572379,-327742481.72746,0.0953282720929263,1.7794627219101424e-05,0.7911032912307029,0.973952
Slovenia,2023,0.006720746285651,0.396216782960902,0.0186050617021198,44440.0,81.2829268292683,107.874809265137,6727.99930164211,0.0226840078500776,2.11259184318999,10.0501057520513,1.51932161939818,29.7010805373138,83.2510531969521,76.8473914946355,22.2261745390109,1447634542.25339,0.0959434046405939,0.0002982670600775,3.26621239909683,3.291951
Solomon Islands,2023,0.0025175102405077,2.39583243369756,0.0004656920176802,7260.0,70.742,48.2561302185059,6727.99930164211,0.000526072180228,3.07976981501386,3.88899446253055,33.7555285921171,18.6566988923246,26.2867431210615,51.7491878351403,23.3629496262085,78895436.2399954,0.0867039445286934,0.0020629938080154,4.115665761324277,4.094193
Somalia,2023,0.0584095524248845,3.07939219638342,0.0030561085710985,14090.0,56.107,3.29380989074707,6727.99930164211,0.0035898099171393,4.21638432609835,4.5724656131988,55.7941831843125,9.65642836480582,19.7336576333817,72.9524967171368,22.3784203448908,-41159999.9,0.0893901482978618,0.0005961942186379,3.706383067180906,5.4882874
South Africa,2023,0.2011867283560253,1.32810094082844,0.1165901530528162,1500.0,61.48,108.304618835449,4118.70972625192,0.1249325070412137,0.698485194788034,4.80427142532388,2.61681042406659,24.6196414679869,32.7545268670556,32.4255686817089,15.5380933769084,3442331506.38971,0.0777914209481031,1.8137632183347037e-06,0.22362425576364894,0.34530354
South Sudan,2023,0.0365244909080698,4.10816463205266,0.0033075022045888,1360.0,55.567,11.2309503555298,40.9432141651416,0.0039276126426491,-10.7933646271143,17.6893321393151,10.3550274477245,33.0945353993221,36.6513492804707,28.8999999040295,5.75075637151052,-2210000.0,0.0831494167038042,5.259560246023542e-05,-7.9398558793859095,-7.0884156
Spain,2023,0.1538705793068369,1.22528044685694,0.4516276856655624,51710.0,83.0829268292683,119.015510559082,5355.98700558221,0.5316909414114036,2.67566349258229,6.23528003904008,2.4997263609206,20.1164100688503,38.0592582111746,34.1324706805738,21.004602475833,42953066297.9842,0.0931282524806031,1.4798999904946874e-05,2.6982199585430617,2.4277437
Sri Lanka,2023,0.0701184775385682,-0.651320770103285,0.0221598002999902,47900.0,76.61,89.4825170896809,531.090576571374,0.0276752824039054,-2.29801056186895,17.5191628455588,8.28102514095053,25.5926109048419,20.531991971255,22.1691120440303,25.4450619909791,711826200.490003,0.0946018036239348,0.0002635275522984,0.8933446850520411,1.943156
St. Kitts and Nevis,2023,0.0001197969192792,0.104849849656036,0.000273336210349,5630.0,72.027,121.108016967773,531.090576571374,0.0003364363691394,2.2849480914594,5.14466745732078,1.41340802078875,20.1677323721036,20.531991971255,22.1691120440303,25.4450619909791,32164621.8518519,0.0894249498732188,0.0024756155255078,3.7197357971283083,2.5497003
St. Lucia,2023,0.0005416529018752,0.281512532799571,0.0006171916574166,65455.09999999979,71.294,90.4108428955078,531.090576571374,0.0007875850461875,2.21007265992306,1.48963461512095,1.12628402475082,9.68543298686256,20.531991971255,22.1691120440303,25.4450619909791,138721841.111111,0.0862531288812672,0.0125010298553833,3.123386536886337,3.1218193
St. Martin (French part),2023,5.8543177226027526e-05,-4.80716831631216,0.0006171916574166,11950.0,80.55,90.4108428955078,531.090576571374,0.0002030940645146,4.89999967133534,1.48963461512095,1.12628402475082,9.68543298686256,20.531991971255,22.1691120440303,25.4450619909791,138721841.111111,0.0831494167038042,0.0085431890281702,0.8029803450982902,2.9259748
St. Vincent and the Grenadines,2023,0.0002934865952724,-0.711025816110263,0.0002840620642605,6220.0,68.972,123.98773789756,531.090576571374,0.0003398703034136,6.01610914506236,4.03314414454677,4.15378200896425,14.168374969598,20.531991971255,22.1691120440303,25.4450619909791,81428525.1851852,0.09170720988543,0.0027082044262613,3.3829844061515,7.50982
Sudan,2023,0.1592656738131502,1.32652175747925,0.0124466744090894,7660.0,65.578,48.3620414733887,251.163488911484,0.0358501000080498,-13.76146680039561,213.72584787991,5.47014439253618,5.11976353604253,1.10810859289855,1.36562018956999,2.17279846200315,573504494.776,0.1758465962929399,3.2522335419526834e-05,-2.990980491822466,-4.6280384
Suriname,2023,0.0019728093577756,0.914027369002208,0.0009174338179224,8990.0,70.289,76.2433776855469,3458.62596958842,0.001123981292317,2.53956675446825,32.2686064902092,7.47450024143751,39.8677544813382,52.5473192695739,38.4140748770116,36.2044525973484,-53096300.2393143,0.0757708303518529,0.0012076009574189,2.146589928609821,1.1953386
Eswatini,2023,0.0038878681476778,0.946270731993531,0.0012784016075727,3360.0,56.36,85.9756088256836,3458.62596958842,0.00144814627158,5.01490471257054,1.62022800466512,7.05235121915418,34.6034052750042,52.5473192695739,38.4140748770116,36.2044525973484,28132551.483073,0.0786779220037742,0.00035098793099,1.706328441104294,4.5493283
Sweden,2023,0.0335108500901622,0.472717863265105,0.1813063961026829,4870.0,83.109756097561,139.406524658203,13480.148224391,0.1919694118394445,-0.310670184725893,6.14906969650426,0.993696150422338,23.2510140537579,55.1715976331361,51.1944284442583,24.9988036783869,23001110544.8,0.0838756487607827,3.849061385764064e-06,2.698007272370388,1.6756824
Switzerland,2023,0.0282632700521871,1.25678260643691,0.240437717923191,11740.0,83.4536585365854,103.392356872559,7520.16602494502,0.2904204411221863,0.716066868695833,1.02331402592833,0.62920241956629,24.927719758741,75.326865234571,62.8900497858346,24.5764946902913,-52637267566.9725,0.0899071176957891,6.14234396086029e-06,2.6191542618230614,-0.16236863
Syrian Arab Republic,2023,0.075076656484587,4.91861526815481,0.0045066218251608,12220.0,72.3,38.6241989135742,899.442966856649,0.0077428539491801,0.732781301861365,112.14365352308,43.0599878108777,12.0009587036365,6.81012687776418,28.7993412022314,15.9720176024474,1469196863.48146,0.0831494167038042,0.000240075514758,1.4207472433991362,0.5720637
Tajikistan,2023,0.0330434556762502,2.01812009749216,0.0041370484060016,4180.0,71.288,87.4183887120697,1468.74649874572,0.0039482235136501,8.29999921651935,2.18821998125314,22.9348537040845,34.702580856427,16.3531240454317,49.082387543926,35.4675046982739,140579836.62608,0.0936044770817751,0.0001608431282208,6.090219672575778,7.270425
Tanzania,2023,0.2120261291782526,2.90250073555304,0.0224913984765069,1220.0,66.782,27.9080696105957,102.876751744814,0.0259376827083662,5.06952353203394,2.74821189393757,23.6871473778719,28.033943352333,17.1954298762963,21.0166049300483,41.0023887360624,1627034507.04954,0.0867625659434836,7.146906197552456e-06,5.243856897623524,5.7240796
Thailand,2023,0.2282120047668295,-0.0458651887192549,0.1468070752169328,6590.0,79.68,109.854930019435,2474.52278469491,0.1689986666906416,1.88725725050934,1.22023811822058,8.57620656757898,32.8865389081309,65.4476962943612,63.6885659990231,22.5363320845542,6516045720.14977,0.0863911792095415,5.924420335552501e-06,1.9002794028363938,1.6266357
Timor-Leste,2023,0.0043773760442091,1.08884743970717,0.0007821782482552,11400.0,69.056,85.2118561659316,2474.52278469491,0.0006726419322475,-13.76146680039561,-20.8334380271277,16.8601399411678,23.8663236978362,22.925488032719,66.3751037361156,20.4848905261552,-50105695.0812543,0.0538997091670231,0.0025438522710891,-2.273617550165057,-0.4627819
Togo,2023,0.0295882455033756,2.33345506489111,0.0026399486818872,1150.0,61.588,65.2577590942383,147.742708214843,0.0029999650179432,6.40792215636242,2.59456529883668,18.1308320495559,20.1698361139024,23.9052239704764,37.522132802206,22.9544796791665,-60323620.0,0.0933458244764112,5.818255208432736e-05,5.434050405832497,4.7312546
Tonga,2023,0.000303908294149,-0.424539964766316,0.0001443541425048,2150.0,71.27,98.5568917668825,147.742708214843,0.0001600922995839,-2.30986002720401,2.07802980858338,15.5719324326622,15.5452195830413,11.5596410093967,63.7555899353899,26.8041635651884,4926184.93725698,0.0831494167038042,0.0019257059757863,0.7200218928647476,0.013330473
Trinidad and Tobago,2023,0.0043239751827694,0.124756950526578,0.0081578988397904,65455.09999999979,74.708,87.008903503418,7182.55493208795,0.0089733964877796,1.34767518168188,-10.183883266448,1.07695844326054,48.9413062694366,11.5596410093967,63.7555899353899,19.8129638427556,-1555474291.26021,0.0757312754452329,0.0011098445372596,-2.230556542820385,-1.8780473
Tunisia,2023,0.0388070053037197,0.666925034776371,0.0133030372430998,50050.0,74.263,91.1704330444336,1427.40721187892,0.0159170574960991,0.0391565674939329,8.88763642233521,9.47322064564395,23.5120701753455,51.8833824346749,55.2943891824063,15.8850909225967,727083940.246083,0.0905167061463317,0.000478651496377,3.8962216229993367,-0.6835484
Turkiye,2023,0.2715780179911179,0.406389351118662,0.2847609537870585,16170.0,78.475,116.040176391602,2848.97165764961,0.3669917709018437,5.11116818488702,68.233934158098,6.15948050204121,28.3776533622381,31.9158356904098,34.3607690189066,29.9641679336776,10951000000.0,0.1025030208369635,6.69633615102251e-06,3.353624541511731,5.939279
Turkmenistan,2023,0.0234132170278055,1.83970100027524,0.0172785627726147,4190.0,69.41,95.6963424682617,2410.25809003465,0.0198879390965805,6.30015758549871,-3.2837127112537,11.291652725482,39.272199471256,21.6245210908525,12.4747527108732,47.2,10951000000.0,0.0854855939459866,3.2060315429599474e-05,6.320633405056859,8.173197
Turks and Caicos Islands,2023,0.0001180143440285,0.762674129802692,0.000335331409115,5520.0,74.925,109.377401998463,2410.25809003465,0.0004501728406811,1.19999674543641,12.7470391990364,0.440892167384053,9.46474993510594,21.6245210908525,12.4747527108732,47.2,42227000.0,0.0948736835385817,0.0018272847702722,4.2417735567182495,4.986591
Tuvalu,2023,2.204249792632523e-06,-1.77710654146662,1.1535843772538388e-05,6640.0,64.854,85.1700668334961,2410.25809003465,1.04696289538079e-05,3.85280919517032,6.0040987048763,15.9163265306122,7.01551020408163,21.6245210908525,12.4747527108732,47.2,0.0,0.0876744267306259,0.0494826263861823,2.7536856950604256,3.273691
Uganda,2023,0.1548531952652719,2.80083228962433,0.0134350690298962,65455.09999999979,63.638,24.0003346678213,2410.25809003465,0.0159956136935804,5.33697295511469,6.74801516641013,24.0895746897278,25.7532114394482,11.6017089255499,21.739987404672,22.8160132458418,2991183813.32196,0.0889956129092787,0.0006229098288055,4.7813875698842505,5.1420846
Ukraine,2023,0.1200809932406118,-8.42300777431605,0.049629084500997,43900.0,68.5879268292683,84.6516265869141,3366.49962433966,0.0586566645614596,5.32433537426355,18.4804556382296,7.40536799317816,18.8356525297022,28.5860205802388,49.5120930890625,15.1307353745321,4805000000.0,0.091756341497622,0.0001139672390993,-2.686972782683209,1.1255169
United Arab Emirates,2023,0.0333425208726016,3.97717097504667,0.1462300408668797,8710.0,79.196,101.944969177246,12677.0594482991,0.168723554255051,3.61870653547174,-1.30420016236501,0.701206777662814,47.7236418303746,108.61087139274,93.7216646058461,27.078656324271,22328110000.0,0.085034704751064,7.84791112573314e-06,3.730684619884918,0.68481326
United Kingdom,2023,0.2175406339441744,0.821212039762055,0.927730056765441,41450.0,82.0585365853659,113.228363037109,5130.39025330028,1.0,0.339966158003463,7.29825479586994,0.579699701731121,17.500181064246,31.6626771258689,32.2162006360962,17.1673537304198,-89439143375.0189,0.0831494167038042,6.298752004000394e-06,2.0315595558096513,2.3347256
United States,2023,1.0,0.491924871690548,1.0,57240.0,77.4341463414634,97.4734878540039,12993.9655794706,1.0,2.88755600906016,3.59839135378053,0.944732585225621,17.6081720747678,11.0115112856601,13.8878518583345,21.5410327347688,348784000000.0,0.0831494167038042,8.703897965829069e-06,2.236531487601623,2.6890836
Uruguay,2023,0.0107557963558877,-0.0835522251458198,0.0189830573778531,2280.0,78.0,121.13793182373,3125.73182525935,0.0253398569361255,0.3674751756175,3.4309701895517,5.56779937151037,16.3990037186284,27.4978001359579,24.2356880254726,17.2550890049815,-5476436111.92124,0.0915352243163885,1.3685145379179071e-05,0.31920154802370493,0.41699657
Uzbekistan,2023,0.1134583155552016,2.02114614047908,0.0273289897713485,1230.0,71.674,86.5340747437302,1674.5528255738,0.0333316416517799,6.29141635081155,12.6585380276262,20.5695563710874,30.613069883086,23.6898326654563,40.6874819765918,34.4111563617742,2156721391.75428,0.0937590959503477,5.604352653891724e-06,5.908985946614361,6.803314
Vanuatu,2023,0.00099087459774,2.32481600892244,0.0003355330554993,860.0,70.492,117.083997498033,1674.5528255738,0.0003596768241336,2.21294177094788,11.3100213269124,21.2191878696463,10.0295717064264,15.3048330605426,55.4593485248098,56.0657072347499,4399200.0,0.0916167852095271,0.0003543696093006,2.6455968407722126,0.9552762
"Venezuela, RB",2023,0.0900573902432058,0.310851368612458,0.1117927108784284,19650.0,71.105,95.4098510742188,2700.16482736097,0.1582965270190817,-3.89438647450662,40.4404901065548,5.02675356618482,37.2446888923877,16.6938273502942,31.3969861752704,24.8102028168,1434250000.0,0.0831494167038042,1.889226365988076e-05,-3.369037323127374,-3.0272436
Viet Nam,2023,0.31940905435197,0.671429250652247,0.1174892332145518,10290.0,74.58,97.2494761123623,1424.23212288346,0.1410197259500594,5.0464307361882,1.90623130183931,11.9604858170749,37.1201018368351,87.1767319860542,79.1468730562838,31.9617513892211,18500000000.0,0.0870793328922434,1.1099003539268086e-05,6.129435268876818,7.210642
Virgin Islands (U.S.),2023,0.000304926908578,-0.471640678399366,0.1174892332145518,6780.0,80.319512195122,119.799407958984,1424.23212288346,0.0015233430181177,-1.31123206333498,5.03826726070469,11.9604858170749,37.1201018368351,97.3672945205479,108.26198630137,31.9617513892211,18500000000.0,0.0831494167038042,0.000673523561876,-1.3112320633349812,-1.4230464
West Bank and Gaza,2023,0.0164144987269133,2.39326476511584,0.0061292288813887,8160.0,73.444,88.8576889038086,1424.23212288346,0.0057073979211188,-5.41093700031979,-3.90362226607192,5.74521927421669,17.3927108606611,19.593244856723,66.8006061719324,26.2054555473916,103535363.986695,0.0755799167854428,0.0002173840999514,-2.4750742625824165,-1.2359538
"Yemen, Rep.",2023,0.1253585714735206,3.00980765711571,0.0071824386729998,2540.0,63.72,47.2419013977051,187.783430653078,0.0070810000883078,0.752447587579127,14.8536647661831,28.7451403146812,25.4429978433173,8.75559691367438,50.1466816974903,26.2054555473916,3331220.0,0.0831494167038042,5.454722969615616e-05,0.6141897517944791,0.5831195
Zambia,2023,0.0659388637986672,2.79406758723844,0.0075935197364365,6200.0,61.803,20.5775203704834,694.984654283353,0.0090408960020409,5.36794285493059,7.09462960303757,2.23012034259343,35.107778069402,40.8461239686718,37.3957630764767,31.4450686240954,85907330.4577275,0.0786279620515273,0.0001043285002556,3.6570846849141576,3.6953726
Zimbabwe,2023,0.0519865740982777,1.67709591394986,0.0095726464336005,1740.0,59.391,51.8495788574219,582.515019153102,0.0115526848413034,5.33673049519527,921.535651645931,4.10825365441784,26.3010599208532,21.5794003755333,29.2155635135643,16.2740397950954,557873000.0,0.0893410587639888,2.290720154383886e-05,-3.6793008668257476,-4.2838063
